<?xml version="1.0"?>
<doc>
    <assembly>
        <name>IMS-Interface</name>
    </assembly>
    <members>
        <member name="M:IMS_Interface.Extensions.GetRenderFragment(System.Type,System.Collections.Generic.Dictionary{System.String,System.Object})">
            <summary>
            Creates a <see cref="T:Microsoft.AspNetCore.Components.RenderFragment"/> that can be used to dynamically render the specified type.
            </summary>
            <param name="type">The type to render.</param>
            <param name="attributes">Attributes that the component should receive.</param>
            <returns>A <see cref="T:Microsoft.AspNetCore.Components.RenderFragment"/> that may be used to render the component to HTML.</returns>
        </member>
        <member name="M:IMS_Interface.Extensions.GetPublicIPAddress">
            <summary>
            Gets the public IPv4 address that IMS is currently running on, or null if no IP could be obtained.
            </summary>
            <returns>The public IP address.</returns>
        </member>
        <member name="M:IMS_Interface.Extensions.GetLocalIPAddress">
            <summary>
            Gets the local IPv4 address that IMS is currently running on, or null if no IP could be obtained.
            </summary>
            <returns>The local IP address.</returns>
        </member>
        <member name="T:IMS_Interface.IMSUpdateTimeDisplay">
            <summary>
            Represents a display that allows users to select when IMS should automatically update and restart, if necessary.
            </summary>
        </member>
        <member name="M:IMS_Interface.IMSUpdateTimeDisplay.#ctor(System.String,System.String,System.String)">
            <summary>
            Creates a new update time preference display with the specified data.
            </summary>
            <param name="name">The name of the field to read/write on the <see cref="T:IMS_Library.IMSConfiguration"/> object.</param>
            <param name="display">The name that should display on the admin console.</param>
            <param name="description">The description that should appear in the hover-over tooltip.</param>
        </member>
        <member name="M:IMS_Interface.IMSUpdateTimeDisplay.GetComponentType">
            <summary>
            Retrieves the displayview type for this preference display.
            </summary>
            <returns>The <see cref="T:System.Type"/> of <see cref="T:IMS_Interface.Preferences.PreferenceDisplayView"/> that this display corresponds to.</returns>
        </member>
        <member name="T:IMS_Interface.LogDeletionIntervalDisplay">
            <summary>
            Represents a display that allows users to select how old log files should be before they are automatically deleted.
            </summary>
        </member>
        <member name="M:IMS_Interface.LogDeletionIntervalDisplay.#ctor(System.String,System.String,System.String)">
            <summary>
            Creates a new log deletion interval preference display with the specified data.
            </summary>
            <param name="name">The name of the field to read/write on the <see cref="T:IMS_Library.IMSConfiguration"/> object.</param>
            <param name="display">The name that should display on the admin console.</param>
            <param name="description">The description that should appear in the hover-over tooltip.</param>
        </member>
        <member name="M:IMS_Interface.LogDeletionIntervalDisplay.GetComponentType">
            <summary>
            Retrieves the displayview type for this preference display.
            </summary>
            <returns>The <see cref="T:System.Type"/> of <see cref="T:IMS_Interface.Preferences.PreferenceDisplayView"/> that this display corresponds to.</returns>
        </member>
        <member name="T:IMS_Interface.MaximumThreadDisplay">
            <summary>
            Represents a preference that determines the maximum number of worker threads that a Minecraft server can allocate.
            </summary>
        </member>
        <member name="M:IMS_Interface.MaximumThreadDisplay.#ctor(System.String,System.String,System.String)">
            <summary>
            Creates a new maximum threads preference display with the specified data.
            </summary>
            <param name="name">The name of the field to read/write on the <see cref="T:IMS_Library.IMSConfiguration"/> object.</param>
            <param name="display">The name that should display on the admin console.</param>
            <param name="description">The description that should appear in the hover-over tooltip.</param>
        </member>
        <member name="M:IMS_Interface.MaximumThreadDisplay.GetComponentType">
            <summary>
            Retrieves the displayview type for this preference display.
            </summary>
            <returns>The <see cref="T:System.Type"/> of <see cref="T:IMS_Interface.Preferences.PreferenceDisplayView"/> that this display corresponds to.</returns>
        </member>
        <member name="T:IMS_Interface.NewServerTypeBinding">
            <summary>
            Represents the relationship between a server type and a preference display layout for use in server creation.
            </summary>
        </member>
        <member name="F:IMS_Interface.NewServerTypeBinding.DisplayName">
            <summary>
            The display name of the server type.
            </summary>
        </member>
        <member name="F:IMS_Interface.NewServerTypeBinding.PreferenceLayoutGenerator">
            <summary>
            A delegate which generates a preference layout for editing the server configuration defined in <see cref="F:IMS_Interface.NewServerTypeBinding.PreferenceConfigurationGenerator"/>.
            </summary>
        </member>
        <member name="F:IMS_Interface.NewServerTypeBinding.PreferenceConfigurationGenerator">
            <summary>
            A delegate which creates a new <see cref="T:IMS_Library.ServerConfiguration"/> for the specified server type.
            </summary>
        </member>
        <member name="M:IMS_Interface.NewServerTypeBinding.#ctor">
            <summary>
            Creates a new instance of the <see cref="T:IMS_Interface.NewServerTypeBinding"/> class.
            </summary>
        </member>
        <member name="M:IMS_Interface.NewServerTypeBinding.#ctor(System.String,System.Func{IMS_Library.ServerConfiguration},System.Func{System.Collections.Generic.List{IMS_Interface.Preferences.PreferenceDisplay}})">
            <summary>
            Creates a new instance of the <see cref="T:IMS_Interface.NewServerTypeBinding"/> class with the specified binding data.
            </summary>
            <param name="name">The display name of the server type.</param>
            <param name="configGenerator">A delegate which creates a new <see cref="T:IMS_Library.ServerConfiguration"/> for the specified server type.</param>
            <param name="layoutGenerator">A delegate which generates a preference layout for editing the server configuration defined in <see cref="F:IMS_Interface.NewServerTypeBinding.PreferenceConfigurationGenerator"/>.</param>
        </member>
        <member name="T:IMS_Interface.Provider">
            <summary>
            The <see cref="T:IMS_Interface.Provider"/> class provides various lists of displays to use when rendering parts of the IMS web interface.  It allows for plugin extensibility, as plugins can add their own displays to be rendered for many situations.
            </summary>
        </member>
        <member name="F:IMS_Interface.Provider.ServerPreferenceDisplayBinding">
            <summary>
            This is a list which binds types to server preference displays.
            When <see cref="T:IMS_Interface.ServerPreferences"/> attempts to display server settings, it searches this list and chooses the binding whose <see cref="F:IMS_Interface.Preferences.ConfigurationPreferenceDisplayBinding.PreferenceType"/> most directly matches the type of the settings to display.
            </summary>
        </member>
        <member name="F:IMS_Interface.Provider.NewServerDisplayBinding">
            <summary>
            This is a list which binds server types to "create new server" display views.
            </summary>
        </member>
        <member name="T:IMS_Interface.Preferences.ConfigurationPreferenceDisplayBinding">
            <summary>
            Represents the relationship between a <see cref="T:IMS_Interface.ServerPreferences"/> type and the display layout that goes with it.
            </summary>
        </member>
        <member name="F:IMS_Interface.Preferences.ConfigurationPreferenceDisplayBinding.PreferenceType">
            <summary>
            The <see cref="T:IMS_Interface.ServerPreferences"/> type that this instance refers to.
            </summary>
        </member>
        <member name="F:IMS_Interface.Preferences.ConfigurationPreferenceDisplayBinding.Layout">
            <summary>
            The display layout to use when rendering the settings display for configurations of <see cref="F:IMS_Interface.Preferences.ConfigurationPreferenceDisplayBinding.PreferenceType"/>.
            </summary>
        </member>
        <member name="M:IMS_Interface.Preferences.ConfigurationPreferenceDisplayBinding.#ctor(System.Type,System.Func{System.Collections.Generic.List{IMS_Interface.Preferences.PreferenceDisplay}})">
            <summary>
            Creates a new <see cref="T:IMS_Interface.Preferences.ConfigurationPreferenceDisplayBinding"/> instance with the specified type and generator of preference editor elements.
            </summary>
            <param name="preferenceType">The server configuration type that results in <paramref name="layout"/> being rendered.</param>
            <param name="layout">A function which generates the layout to render.</param>
        </member>
        <member name="T:IMS_Interface.Preferences.PlayerIdleTimeoutDisplay">
            <summary>
            Represents a preference that determines number of minutes it should take for an idle client to be kicked from the server, if they should be kicked at all.
            </summary>
        </member>
        <member name="M:IMS_Interface.Preferences.PlayerIdleTimeoutDisplay.#ctor(System.String,System.String,System.String)">
            <summary>
            Creates a new idle timeout preference display with the specified data.
            </summary>
            <param name="name">The name of the field to read/write on the <see cref="T:IMS_Library.IMSConfiguration"/> object.</param>
            <param name="display">The name that should display on the admin console.</param>
            <param name="description">The description that should appear in the hover-over tooltip.</param>
        </member>
        <member name="M:IMS_Interface.Preferences.PlayerIdleTimeoutDisplay.GetComponentType">
            <summary>
            Retrieves the displayview type for this preference display.
            </summary>
            <returns>The <see cref="T:System.Type"/> of <see cref="T:IMS_Interface.Preferences.PreferenceDisplayView"/> that this display corresponds to.</returns>
        </member>
        <member name="T:IMS_Interface.Preferences.StringDictionaryDisplay">
            <summary>
            Represents a preference display that can be used to edit a <see cref="T:System.Collections.Generic.Dictionary`2"/>.
            </summary>
        </member>
        <member name="M:IMS_Interface.Preferences.StringDictionaryDisplay.#ctor(System.String,System.String,System.String)">
            <summary>
            Creates a new dictionary display preference with the specified settings.
            </summary>
            <param name="name">The name of the field to edit on the <see cref="T:IMS_Library.IMSConfiguration"/> object.</param>
            <param name="display">The name of the preference to display to the user.</param>
            <param name="description">The description of the preference to show to the user in a tooltip.</param>
        </member>
        <member name="M:IMS_Interface.Preferences.StringDictionaryDisplay.GetComponentType">
            <summary>
            Gets the type of component associated with <see cref="T:IMS_Interface.Preferences.StringDictionaryDisplay"/> to render.
            </summary>
            <returns>The type of the Blazor component to render.</returns>
        </member>
        <member name="T:IMS_Interface.Preferences.UploadServerBinaryDisplay">
            <summary>
            A display used to allow the user to upload their own, custom server binaries.
            </summary>
        </member>
        <member name="F:IMS_Interface.Preferences.UploadServerBinaryDisplay.FinalFilePath">
            <summary>
            The path that the file should be uploaded to.
            </summary>
        </member>
        <member name="F:IMS_Interface.Preferences.UploadServerBinaryDisplay.TemporaryFilePath">
            <summary>
            The path where the file should be temporarily stored.
            </summary>
        </member>
        <member name="M:IMS_Interface.Preferences.UploadServerBinaryDisplay.#ctor(System.String,System.String,System.Func{IMS_Library.ServerConfiguration,System.String},System.Func{IMS_Library.ServerConfiguration,System.String})">
            <summary>
            Creates a new upload binary display with the specified settings.
            </summary>
            <param name="display">The title of this display to show to the user.</param>
            <param name="description">A description of what this preference display does.</param>
            <param name="tempPath">A function that returns the path where the user's file should be temporarily stored while preferences are being edited.</param>
            <param name="finalPath">A function that returns the path that the user's file should be uploaded to.</param>
        </member>
        <member name="M:IMS_Interface.Preferences.UploadServerBinaryDisplay.GetComponentType">
            <summary>
            Gets the type of component associated with <see cref="T:IMS_Interface.Preferences.UploadServerBinaryDisplay"/> to render.
            </summary>
            <returns>The type of the Blazor component to render.</returns>
        </member>
    </members>
</doc>
